{"cameraMode":{"drawMode":0,"name":"Shaded","section":"Shading Mode"},"sceneLighting":true,"audioPlay":false,"sceneViewState":{"m_AlwaysRefresh":false,"showFog":true,"showSkybox":true,"showFlares":true,"showImageEffects":true,"showParticleSystems":true,"showVisualEffectGraphs":true,"m_FxEnabled":true},"in2DMode":false,"pivot":{"x":672.0411376953125,"y":251.44557189941407,"z":204.21868896484376},"rotation":{"x":0.01679520308971405,"y":0.007249258458614349,"z":0.00013999298971612006,"w":-0.9999963641166687},"size":427.2286071777344,"orthographic":false}