{"cameraMode":{"drawMode":0,"name":"Shaded","section":"Shading Mode"},"sceneLighting":false,"audioPlay":false,"sceneViewState":{"m_AlwaysRefresh":false,"showFog":true,"showSkybox":false,"showFlares":true,"showImageEffects":true,"showParticleSystems":true,"showVisualEffectGraphs":true,"m_FxEnabled":true},"in2DMode":false,"pivot":{"x":-1.6021164655685425,"y":1.3121627569198609,"z":-2.3067500591278078},"rotation":{"x":-0.2835724949836731,"y":0.08364146947860718,"z":-0.024745026603341104,"w":-0.9551011919975281},"size":0.6191067695617676,"orthographic":false}